{"cameraMode":{"drawMode":0,"name":"Shaded","section":"Shading Mode"},"sceneLighting":true,"audioPlay":false,"sceneViewState":{"m_AlwaysRefresh":false,"showFog":true,"showSkybox":true,"showFlares":true,"showImageEffects":true,"showParticleSystems":true,"showVisualEffectGraphs":true,"m_FxEnabled":true},"in2DMode":false,"pivot":{"x":-11.619999885559082,"y":1.0099999904632569,"z":6.619999885559082},"rotation":{"x":0.17724230885505677,"y":0.5585359334945679,"z":-0.12362048029899597,"w":0.8008559942245483},"size":26.346052169799806,"orthographic":false}