{"cameraMode":{"drawMode":0,"name":"Shaded","section":"Shading Mode"},"sceneLighting":false,"audioPlay":false,"sceneViewState":{"m_AlwaysRefresh":false,"showFog":true,"showSkybox":false,"showFlares":true,"showImageEffects":true,"showParticleSystems":true,"showVisualEffectGraphs":true,"m_FxEnabled":true},"in2DMode":false,"pivot":{"x":1.7881393432617188e-7,"y":0.6049057841300964,"z":-0.0738823413848877},"rotation":{"x":0.17724230885505677,"y":0.5585359334945679,"z":-0.12362048029899597,"w":0.8008559942245483},"size":8.171911239624024,"orthographic":false}